cloudinary_url,selected_candidate,match_type,local_file_relative,local_file_absolute,asset_type,sanity_asset_id,sanity_asset_url,action,error,occurrence_count,repo_references
https://res.cloudinary.com/medoptics-image-cloud/image/upload/v1744286028/Graphic_waves_qtvac7.svg,Graphic_waves_qtvac7.svg,exact_filename,Graphic_waves_qtvac7.svg,/media/obi/Seagate/Cloudinary_Bulk_Download_March_4_2026/Graphic_waves_qtvac7.svg,file,file-a85b19a75d625e4ccd0c5c469dc046888df5f017-svg,https://cdn.sanity.io/files/wf5e366r/production/a85b19a75d625e4ccd0c5c469dc046888df5f017.svg,uploaded,,1,src/pages/terms-and-conditions.js:165
https://res.cloudinary.com/medoptics-image-cloud/image/upload/v1745050251/Graphic-1-Transparent_1_y95aqf.svg,Graphic-1-Transparent_1_y95aqf.svg,exact_filename,Graphic-1-Transparent_1_y95aqf.svg,/media/obi/Seagate/Cloudinary_Bulk_Download_March_4_2026/Graphic-1-Transparent_1_y95aqf.svg,file,file-8b1fcddeb158c2d6913fc590aabdf46c390e76c2-svg,https://cdn.sanity.io/files/wf5e366r/production/8b1fcddeb158c2d6913fc590aabdf46c390e76c2.svg,uploaded,,1,src/components/WhoWeAreSection.js:119
https://res.cloudinary.com/medoptics-image-cloud/image/upload/v1752839793/Humble_Beeing_Black_Logo_with_text.svg,Humble_Beeing_Black_Logo_with_text.svg,exact_filename,Humble_Beeing_Black_Logo_with_text.svg,/media/obi/Seagate/Cloudinary_Bulk_Download_March_4_2026/Humble_Beeing_Black_Logo_with_text.svg,file,file-abe3713a984fec694f2bc5e23a9f8173a94985a3-svg,https://cdn.sanity.io/files/wf5e366r/production/abe3713a984fec694f2bc5e23a9f8173a94985a3.svg,uploaded,,2,src/components/Navbar.js:46 | src/components/Navbar.js:221
https://res.cloudinary.com/medoptics-image-cloud/image/upload/v1757451427/20210206_125023_wdecoo.jpg,20210206_125023_wdecoo.jpg,exact_filename,20210206_125023_wdecoo.jpg,/media/obi/Seagate/Cloudinary_Bulk_Download_March_4_2026/20210206_125023_wdecoo.jpg,image,image-1bdb425b08c28f34c4c48fc739d2dff3fd2584d4-4032x2268-jpg,https://cdn.sanity.io/images/wf5e366r/production/1bdb425b08c28f34c4c48fc739d2dff3fd2584d4-4032x2268.jpg,uploaded,,3,src/pages/blog/how-to-store-honey-in-kampala-heat-and-humidity-tips.js:33 | src/pages/contact.js:25 | src/pages/hb-home.js:70
https://res.cloudinary.com/medoptics-image-cloud/image/upload/v1757451431/20210731_172431_1_v5vw1y.jpg,20210731_172431_1_v5vw1y.jpg,exact_filename,20210731_172431_1_v5vw1y.jpg,/media/obi/Seagate/Cloudinary_Bulk_Download_March_4_2026/20210731_172431_1_v5vw1y.jpg,image,image-7bf19649189ce81bb0b684bfaffa856300fc1583-2268x4032-jpg,https://cdn.sanity.io/images/wf5e366r/production/7bf19649189ce81bb0b684bfaffa856300fc1583-2268x4032.jpg,uploaded,,4,src/pages/blog/beeswax-candles-uganda-clean-burn-guide.js:21 | src/pages/blog/how-we-test-honey-purity-in-uganda-lab-and-field.js:22 | src/pages/blog/scented-candles-uganda-fragrance-guide-and-room-pairings.js:26 | src/pages/hb-home.js:59
https://res.cloudinary.com/medoptics-image-cloud/image/upload/v1757451447/IMG_0203_s6bliw.jpg,IMG_0203_s6bliw.jpg,exact_filename,IMG_0203_s6bliw.jpg,/media/obi/Seagate/Cloudinary_Bulk_Download_March_4_2026/IMG_0203_s6bliw.jpg,image,image-b7984b21e4eca856f7f7563aa2af6a89be4b5402-5184x3456-jpg,https://cdn.sanity.io/images/wf5e366r/production/b7984b21e4eca856f7f7563aa2af6a89be4b5402-5184x3456.jpg,uploaded,,5,src/pages/blog/[slug].js:26 | src/pages/blog/[slug].js:51 | src/pages/blog/best-honey-in-kampala-buyers-guide-2025.js:60 | src/pages/blog/ugandan-gift-ideas-honey-and-candle-gift-sets.js:21 | src/pages/hb-home.js:69
https://res.cloudinary.com/medoptics-image-cloud/image/upload/v1757495003/IMG_0291_pkvi7q.jpg,IMG_0291_pkvi7q.jpg,exact_filename,IMG_0291_pkvi7q.jpg,/media/obi/Seagate/Cloudinary_Bulk_Download_March_4_2026/IMG_0291_pkvi7q.jpg,image,image-291f49cddd44907c1c209a4b77b446bf521d47b7-5184x3456-jpg,https://cdn.sanity.io/images/wf5e366r/production/291f49cddd44907c1c209a4b77b446bf521d47b7-5184x3456.jpg,uploaded,,4,src/pages/blog/how-to-store-honey-in-kampala-heat-and-humidity-tips.js:44 | src/pages/hb-home.js:62 | src/pages/lab-tests.js:46 | src/pages/our-story.js:17
https://res.cloudinary.com/medoptics-image-cloud/image/upload/v1757495029/WhiteLogo_of0ehe.png,WhiteLogo_of0ehe.png,exact_filename,WhiteLogo_of0ehe.png,/media/obi/Seagate/Cloudinary_Bulk_Download_March_4_2026/WhiteLogo_of0ehe.png,image,image-35206c00d9aa9c8bb7000bf6c38b95a157470649-1090x647-png,https://cdn.sanity.io/images/wf5e366r/production/35206c00d9aa9c8bb7000bf6c38b95a157470649-1090x647.png,uploaded,,1,src/components/Navbar.js:222
https://res.cloudinary.com/medoptics-image-cloud/image/upload/v1757497289/IMG_0214_ma3gau.jpg,IMG_0214_ma3gau.jpg,exact_filename,IMG_0214_ma3gau.jpg,/media/obi/Seagate/Cloudinary_Bulk_Download_March_4_2026/IMG_0214_ma3gau.jpg,image,image-745c75b930ef6de7de4178d0bff5f5fd956c9393-5184x3456-jpg,https://cdn.sanity.io/images/wf5e366r/production/745c75b930ef6de7de4178d0bff5f5fd956c9393-5184x3456.jpg,uploaded,,5,src/pages/blog/how-we-test-honey-purity-in-uganda-lab-and-field.js:28 | src/pages/blog/scented-candles-uganda-fragrance-guide-and-room-pairings.js:21 | src/pages/blog/where-to-buy-honey-in-kampala-stockists-and-delivery.js:44 | src/pages/hb-home.js:61 | src/pages/impact-and-sustainability.js:18
https://res.cloudinary.com/medoptics-image-cloud/image/upload/v1757497299/IMG_0111_m68vis.jpg,IMG_0111_m68vis.jpg,exact_filename,IMG_0111_m68vis.jpg,/media/obi/Seagate/Cloudinary_Bulk_Download_March_4_2026/IMG_0111_m68vis.jpg,image,image-536a0d144a6196619310c04ede39ee01395494cf-5184x3456-jpg,https://cdn.sanity.io/images/wf5e366r/production/536a0d144a6196619310c04ede39ee01395494cf-5184x3456.jpg,uploaded,,5,src/pages/blog/organic-honey-in-uganda-what-it-really-means.js:27 | src/pages/blog/where-to-buy-honey-in-kampala-stockists-and-delivery.js:33 | src/pages/contact-and-connect.js:23 | src/pages/contact-and-connect.js:44 | src/pages/hb-home.js:66
https://res.cloudinary.com/medoptics-image-cloud/image/upload/v1757497310/IMG_0100_nb3zq6.jpg,IMG_0100_nb3zq6.jpg,exact_filename,IMG_0100_nb3zq6.jpg,/media/obi/Seagate/Cloudinary_Bulk_Download_March_4_2026/IMG_0100_nb3zq6.jpg,image,image-e19ff4b7f6b8a5b6342a833ef7ff61efa2efc905-5184x3456-jpg,https://cdn.sanity.io/images/wf5e366r/production/e19ff4b7f6b8a5b6342a833ef7ff61efa2efc905-5184x3456.jpg,uploaded,,3,src/pages/blog/raw-honey-uganda-benefits-and-buying-guide.js:43 | src/pages/blog/specialist-honey-for-chefs-in-kampala-pairings-and-uses.js:27 | src/pages/hb-home.js:68
https://res.cloudinary.com/medoptics-image-cloud/image/upload/v1757497640/IMG_0095_zdx7pv.jpg,IMG_0095_zdx7pv.jpg,exact_filename,IMG_0095_zdx7pv.jpg,/media/obi/Seagate/Cloudinary_Bulk_Download_March_4_2026/IMG_0095_zdx7pv.jpg,image,image-3049c86f8b48da4c3f32c4673e5bd000217e3c4e-5184x3456-jpg,https://cdn.sanity.io/images/wf5e366r/production/3049c86f8b48da4c3f32c4673e5bd000217e3c4e-5184x3456.jpg,uploaded,,6,src/pages/blog/[slug].js:32 | src/pages/blog/best-honey-in-kampala-buyers-guide-2025.js:49 | src/pages/blog/index.js:109 | src/pages/blog/organic-honey-in-uganda-what-it-really-means.js:21 | src/pages/blog/ugandan-gift-ideas-honey-and-candle-gift-sets.js:26 | src/pages/hb-home.js:64
https://res.cloudinary.com/medoptics-image-cloud/image/upload/v1757497733/IMG_0151_wrxcit.jpg,IMG_0151_wrxcit.jpg,exact_filename,IMG_0151_wrxcit.jpg,/media/obi/Seagate/Cloudinary_Bulk_Download_March_4_2026/IMG_0151_wrxcit.jpg,image,image-e6e3c7e35d213f7c070ee6d25c2364ee1eb1b954-5184x3456-jpg,https://cdn.sanity.io/images/wf5e366r/production/e6e3c7e35d213f7c070ee6d25c2364ee1eb1b954-5184x3456.jpg,uploaded,,3,src/pages/blog/beeswax-candles-uganda-clean-burn-guide.js:26 | src/pages/blog/premium-honey-uganda-what-makes-it-worth-it.js:22 | src/pages/hb-home.js:63
https://res.cloudinary.com/medoptics-image-cloud/image/upload/v1757497768/IMG_0072_n3ab2i.jpg,IMG_0072_n3ab2i.jpg,exact_filename,IMG_0072_n3ab2i.jpg,/media/obi/Seagate/Cloudinary_Bulk_Download_March_4_2026/IMG_0072_n3ab2i.jpg,image,image-06a02c2552c748ec8e77986956481bd97bdce9f3-5184x3456-jpg,https://cdn.sanity.io/images/wf5e366r/production/06a02c2552c748ec8e77986956481bd97bdce9f3-5184x3456.jpg,uploaded,,4,src/components/SEO.jsx:6 | src/pages/blog/premium-honey-uganda-what-makes-it-worth-it.js:28 | src/pages/hb-home.js:37 | src/pages/hb-home.js:67
https://res.cloudinary.com/medoptics-image-cloud/image/upload/v1757497786/IMG_0185_c83zq7.jpg,IMG_0185_c83zq7.jpg,exact_filename,IMG_0185_c83zq7.jpg,/media/obi/Seagate/Cloudinary_Bulk_Download_March_4_2026/IMG_0185_c83zq7.jpg,image,image-289a82281b2afc47c22bda041c9be198359c905a-5184x3456-jpg,https://cdn.sanity.io/images/wf5e366r/production/289a82281b2afc47c22bda041c9be198359c905a-5184x3456.jpg,uploaded,,2,src/pages/hb-home.js:60 | src/pages/hb-home.js:484
https://res.cloudinary.com/medoptics-image-cloud/image/upload/v1757498617/IMG_0231_jpk3oz.jpg,IMG_0231_jpk3oz.jpg,exact_filename,IMG_0231_jpk3oz.jpg,/media/obi/Seagate/Cloudinary_Bulk_Download_March_4_2026/IMG_0231_jpk3oz.jpg,image,image-fe1376a20f4c8693c806a9308a0c2d5bdd66271a-5184x3456-jpg,https://cdn.sanity.io/images/wf5e366r/production/fe1376a20f4c8693c806a9308a0c2d5bdd66271a-5184x3456.jpg,uploaded,,4,src/pages/blog/raw-honey-uganda-benefits-and-buying-guide.js:33 | src/pages/blog/wholesale-honey-kampala-suppliers-guide.js:26 | src/pages/hb-home.js:65 | src/pages/wholesale-and-partnerships.js:18
https://res.cloudinary.com/medoptics-image-cloud/image/upload/v1757512779/Logo-with-words-TRANSPARENT_us7dmd.png,Logo-with-words-TRANSPARENT_us7dmd.png,exact_filename,Logo-with-words-TRANSPARENT_us7dmd.png,/media/obi/Seagate/Cloudinary_Bulk_Download_March_4_2026/Logo-with-words-TRANSPARENT_us7dmd.png,image,image-31804bbe067efeb8f270cc0f9205ea7ca34d6149-652x394-png,https://cdn.sanity.io/images/wf5e366r/production/31804bbe067efeb8f270cc0f9205ea7ca34d6149-652x394.png,uploaded,,1,src/components/Footer.js:78
https://res.cloudinary.com/medoptics-image-cloud/image/upload/v1757515387/lOGO-LARGE-transparent_gl7jrn.png,lOGO-LARGE-transparent_gl7jrn.png,exact_filename,lOGO-LARGE-transparent_gl7jrn.png,/media/obi/Seagate/Cloudinary_Bulk_Download_March_4_2026/lOGO-LARGE-transparent_gl7jrn.png,image,image-4a9d5b493b1b3fd3057b1b880bf136491f396a57-1019x593-png,https://cdn.sanity.io/images/wf5e366r/production/4a9d5b493b1b3fd3057b1b880bf136491f396a57-1019x593.png,uploaded,,4,src/pages/_document.js:12 | src/pages/contact.js:18 | src/pages/hb-home.js:191 | src/pages/terms-and-conditions.js:221
https://res.cloudinary.com/medoptics-image-cloud/image/upload/v1757585366/HB_Tasting_Latitude2_qh91nd.png,HB_Tasting_Latitude2_qh91nd.png,exact_filename,HB_Tasting_Latitude2_qh91nd.png,/media/obi/Seagate/Cloudinary_Bulk_Download_March_4_2026/HB_Tasting_Latitude2_qh91nd.png,image,image-4dfb5556eba5a09ad920ebc2c6a70b2a083c2daa-1200x911-png,https://cdn.sanity.io/images/wf5e366r/production/4dfb5556eba5a09ad920ebc2c6a70b2a083c2daa-1200x911.png,uploaded,,1,src/pages/hb-home.js:784
https://res.cloudinary.com/medoptics-image-cloud/image/upload/v1757585367/HB_Tasting_Letaru_2_axwfee.png,HB_Tasting_Letaru_2_axwfee.png,exact_filename,HB_Tasting_Letaru_2_axwfee.png,/media/obi/Seagate/Cloudinary_Bulk_Download_March_4_2026/HB_Tasting_Letaru_2_axwfee.png,image,image-02ba87ce8d01924bdc2efb2f0783ed412df06753-903x1200-png,https://cdn.sanity.io/images/wf5e366r/production/02ba87ce8d01924bdc2efb2f0783ed412df06753-903x1200.png,uploaded,,3,src/pages/hb-home.js:323 | src/pages/our-story.js:49 | src/pages/wholesale-and-partnerships.js:42
https://res.cloudinary.com/medoptics-image-cloud/image/upload/v1757589584/AMW_Cropped_zguxn7.png,AMW_Cropped_zguxn7.png,exact_filename,AMW_Cropped_zguxn7.png,/media/obi/Seagate/Cloudinary_Bulk_Download_March_4_2026/AMW_Cropped_zguxn7.png,image,image-e21c432bb95edcad8c48491cf4f76ce70f31a0a0-1154x1200-png,https://cdn.sanity.io/images/wf5e366r/production/e21c432bb95edcad8c48491cf4f76ce70f31a0a0-1154x1200.png,uploaded,,2,src/pages/hb-home.js:557 | src/pages/hb-home.js:558
https://res.cloudinary.com/medoptics-image-cloud/image/upload/v1757598212/ObayaPFP.26bfbd84_puexik.jpg,ObayaPFP.26bfbd84_puexik.jpg,exact_filename,ObayaPFP.26bfbd84_puexik.jpg,/media/obi/Seagate/Cloudinary_Bulk_Download_March_4_2026/ObayaPFP.26bfbd84_puexik.jpg,image,image-774e06c1dd8e49fd7b59bba04a30e2b0ba3dbb5a-2263x2767-jpg,https://cdn.sanity.io/images/wf5e366r/production/774e06c1dd8e49fd7b59bba04a30e2b0ba3dbb5a-2263x2767.jpg,uploaded,,1,src/pages/hb-home.js:179
https://res.cloudinary.com/medoptics-image-cloud/image/upload/v1757598800/Obaya_honey_week_m4wiae.png,Obaya_honey_week_m4wiae.png,exact_filename,Obaya_honey_week_m4wiae.png,/media/obi/Seagate/Cloudinary_Bulk_Download_March_4_2026/Obaya_honey_week_m4wiae.png,image,image-351d48dac96af618c5068833c2ff4ddf7046dcfe-1200x1199-png,https://cdn.sanity.io/images/wf5e366r/production/351d48dac96af618c5068833c2ff4ddf7046dcfe-1200x1199.png,uploaded,,2,src/pages/hb-home.js:175 | src/pages/hb-home.js:615
https://res.cloudinary.com/medoptics-image-cloud/image/upload/v1757599416/HB_tasting_letaru_aopu57.png,HB_tasting_letaru_aopu57.png,exact_filename,HB_tasting_letaru_aopu57.png,/media/obi/Seagate/Cloudinary_Bulk_Download_March_4_2026/HB_tasting_letaru_aopu57.png,image,image-d09a5fcb8fd674a3e5f27f789faf2664c3b96e09-904x1087-png,https://cdn.sanity.io/images/wf5e366r/production/d09a5fcb8fd674a3e5f27f789faf2664c3b96e09-904x1087.png,uploaded,,1,src/pages/hb-home.js:176
https://res.cloudinary.com/medoptics-image-cloud/image/upload/v1757599558/AnguyoPFP.d8c042b3_1_ub5ssi.jpg,AnguyoPFP.d8c042b3_1_ub5ssi.jpg,exact_filename,AnguyoPFP.d8c042b3_1_ub5ssi.jpg,/media/obi/Seagate/Cloudinary_Bulk_Download_March_4_2026/AnguyoPFP.d8c042b3_1_ub5ssi.jpg,image,image-278e6a05cad70266d83b4251d64a507d59b35ca3-2263x2656-jpg,https://cdn.sanity.io/images/wf5e366r/production/278e6a05cad70266d83b4251d64a507d59b35ca3-2263x2656.jpg,uploaded,,1,src/pages/hb-home.js:177
https://res.cloudinary.com/medoptics-image-cloud/image/upload/v1757599679/LetaruPFP.3d162952_kvvv1k.png,LetaruPFP.3d162952_kvvv1k.png,exact_filename,LetaruPFP.3d162952_kvvv1k.png,/media/obi/Seagate/Cloudinary_Bulk_Download_March_4_2026/LetaruPFP.3d162952_kvvv1k.png,image,image-780ba0424065cce0adc69c82102747f66088122f-2263x2762-png,https://cdn.sanity.io/images/wf5e366r/production/780ba0424065cce0adc69c82102747f66088122f-2263x2762.png,uploaded,,1,src/pages/hb-home.js:178
https://res.cloudinary.com/medoptics-image-cloud/image/upload/v1757622463/latitude-logo-black_vswv88.png,latitude-logo-black_vswv88.png,exact_filename,latitude-logo-black_vswv88.png,/media/obi/Seagate/Cloudinary_Bulk_Download_March_4_2026/latitude-logo-black_vswv88.png,image,image-ddf580905739f82cb20bef3648f54eaaa7ef3056-198x180-png,https://cdn.sanity.io/images/wf5e366r/production/ddf580905739f82cb20bef3648f54eaaa7ef3056-198x180.png,uploaded,,2,src/pages/blog/specialist-honey-for-chefs-in-kampala-pairings-and-uses.js:21 | src/pages/hb-home.js:23
https://res.cloudinary.com/medoptics-image-cloud/image/upload/v1757622699/coffeatlastlgog_lsat63.png,coffeatlastlgog_lsat63.png,exact_filename,coffeatlastlgog_lsat63.png,/media/obi/Seagate/Cloudinary_Bulk_Download_March_4_2026/coffeatlastlgog_lsat63.png,image,image-b1b8152aeed20473991a459a0f062eb50aa4d810-125x125-png,https://cdn.sanity.io/images/wf5e366r/production/b1b8152aeed20473991a459a0f062eb50aa4d810-125x125.png,uploaded,,1,src/pages/blog/wholesale-honey-kampala-suppliers-guide.js:21
https://res.cloudinary.com/medoptics-image-cloud/image/upload/v1757622734/farmtotable_ilqbss.jpg,farmtotable_ilqbss.jpg,exact_filename,farmtotable_ilqbss.jpg,/media/obi/Seagate/Cloudinary_Bulk_Download_March_4_2026/farmtotable_ilqbss.jpg,image,image-19f1d85a8b5634f1686c7d093158680d9dd5f222-225x225-jpg,https://cdn.sanity.io/images/wf5e366r/production/19f1d85a8b5634f1686c7d093158680d9dd5f222-225x225.jpg,uploaded,,1,src/pages/hb-home.js:30
https://res.cloudinary.com/medoptics-image-cloud/image/upload/v1757622805/afrotide_g6egnn.jpg,afrotide_g6egnn.jpg,exact_filename,afrotide_g6egnn.jpg,/media/obi/Seagate/Cloudinary_Bulk_Download_March_4_2026/afrotide_g6egnn.jpg,image,image-f90c865b8ffdb1de3878efbd3cd71f03469657dd-225x225-jpg,https://cdn.sanity.io/images/wf5e366r/production/f90c865b8ffdb1de3878efbd3cd71f03469657dd-225x225.jpg,uploaded,,1,src/pages/hb-home.js:31
https://res.cloudinary.com/medoptics-image-cloud/image/upload/v1757622961/32east_hvuk3u.jpg,32east_hvuk3u.jpg,exact_filename,32east_hvuk3u.jpg,/media/obi/Seagate/Cloudinary_Bulk_Download_March_4_2026/32east_hvuk3u.jpg,image,image-5f4529c5e5fbe869d6eb2b7f5c25a2c35595815a-299x168-jpg,https://cdn.sanity.io/images/wf5e366r/production/5f4529c5e5fbe869d6eb2b7f5c25a2c35595815a-299x168.jpg,uploaded,,1,src/pages/hb-home.js:29
https://res.cloudinary.com/medoptics-image-cloud/image/upload/v1759497151/UNBS_QMark_Logo_v8hbbz.png,UNBS_QMark_Logo_v8hbbz.png,exact_filename,UNBS_QMark_Logo_v8hbbz.png,/media/obi/Seagate/Cloudinary_Bulk_Download_March_4_2026/UNBS_QMark_Logo_v8hbbz.png,image,image-8d19ad6abb9cf3d307255c19a5420cc38f446d75-226x278-png,https://cdn.sanity.io/images/wf5e366r/production/8d19ad6abb9cf3d307255c19a5420cc38f446d75-226x278.png,uploaded,,1,src/pages/hb-home.js:968
https://res.cloudinary.com/medoptics-image-cloud/image/upload/v1759497155/TUNADO_logo_ssjqo4.png,TUNADO_logo_ssjqo4.png,exact_filename,TUNADO_logo_ssjqo4.png,/media/obi/Seagate/Cloudinary_Bulk_Download_March_4_2026/TUNADO_logo_ssjqo4.png,image,image-5d7e7c96941067625b03a2237d453997ee15ddde-200x241-png,https://cdn.sanity.io/images/wf5e366r/production/5d7e7c96941067625b03a2237d453997ee15ddde-200x241.png,uploaded,,1,src/pages/hb-home.js:956
https://res.cloudinary.com/medoptics-image-cloud/image/upload/v1759497169/random-institute-zXu9RsYKgHA-unsplash_qcpgiy.jpg,random-institute-zXu9RsYKgHA-unsplash_qcpgiy.jpg,exact_filename,random-institute-zXu9RsYKgHA-unsplash_qcpgiy.jpg,/media/obi/Seagate/Cloudinary_Bulk_Download_March_4_2026/random-institute-zXu9RsYKgHA-unsplash_qcpgiy.jpg,image,image-9484a86c3200f89d7c0558d1bd1238cc28de7b01-3000x2000-jpg,https://cdn.sanity.io/images/wf5e366r/production/9484a86c3200f89d7c0558d1bd1238cc28de7b01-3000x2000.jpg,uploaded,,1,src/pages/hb-home.js:731
https://res.cloudinary.com/medoptics-image-cloud/image/upload/v1759499097/karuna-brand_cgruz0.png,karuna-brand_cgruz0.png,exact_filename,karuna-brand_cgruz0.png,/media/obi/Seagate/Cloudinary_Bulk_Download_March_4_2026/karuna-brand_cgruz0.png,image,image-69a883cd9c0228b6fa2bb347631a300c0eaf448f-384x150-png,https://cdn.sanity.io/images/wf5e366r/production/69a883cd9c0228b6fa2bb347631a300c0eaf448f-384x150.png,uploaded,,1,src/pages/hb-home.js:26
https://res.cloudinary.com/medoptics-image-cloud/image/upload/v1759499163/Logo-Black_e2b52c60-8cb6-4ed1-81ff-c0a86bb0795f_acagzq.svg,Logo-Black_e2b52c60-8cb6-4ed1-81ff-c0a86bb0795f_acagzq.svg,exact_filename,Logo-Black_e2b52c60-8cb6-4ed1-81ff-c0a86bb0795f_acagzq.svg,/media/obi/Seagate/Cloudinary_Bulk_Download_March_4_2026/Logo-Black_e2b52c60-8cb6-4ed1-81ff-c0a86bb0795f_acagzq.svg,file,file-fff846c85549f356e03908c96e86fe74cc50e1cc-svg,https://cdn.sanity.io/files/wf5e366r/production/fff846c85549f356e03908c96e86fe74cc50e1cc.svg,uploaded,,1,src/pages/hb-home.js:24
https://res.cloudinary.com/medoptics-image-cloud/image/upload/v1759499225/yujo-removebg-preview_cjol1f.png,yujo-removebg-preview_cjol1f.png,exact_filename,yujo-removebg-preview_cjol1f.png,/media/obi/Seagate/Cloudinary_Bulk_Download_March_4_2026/yujo-removebg-preview_cjol1f.png,image,image-f2231cd129038eb65672eb11d3c54d7f003b38e9-236x214-png,https://cdn.sanity.io/images/wf5e366r/production/f2231cd129038eb65672eb11d3c54d7f003b38e9-236x214.png,uploaded,,1,src/pages/hb-home.js:25
https://res.cloudinary.com/medoptics-image-cloud/image/upload/v1759499290/coffeatlastlgog_lsat63-removebg-preview_k5vfbh.png,coffeatlastlgog_lsat63-removebg-preview_k5vfbh.png,exact_filename,coffeatlastlgog_lsat63-removebg-preview_k5vfbh.png,/media/obi/Seagate/Cloudinary_Bulk_Download_March_4_2026/coffeatlastlgog_lsat63-removebg-preview_k5vfbh.png,image,image-4299c07e010cf4d76f512a24ee6faecf43694bdc-125x125-png,https://cdn.sanity.io/images/wf5e366r/production/4299c07e010cf4d76f512a24ee6faecf43694bdc-125x125.png,uploaded,,1,src/pages/hb-home.js:28
https://res.cloudinary.com/medoptics-image-cloud/image/upload/v1762984519/IMG_0145_aswkq8.jpg,IMG_0145_aswkq8.jpg,exact_filename,IMG_0145_aswkq8.jpg,/media/obi/Seagate/Cloudinary_Bulk_Download_March_4_2026/IMG_0145_aswkq8.jpg,image,image-5a0f907daefa5fb874629a1e49df9dc768c9a577-5184x3456-jpg,https://cdn.sanity.io/images/wf5e366r/production/5a0f907daefa5fb874629a1e49df9dc768c9a577-5184x3456.jpg,uploaded,,1,src/pages/hb-home.js:38
https://res.cloudinary.com/medoptics-image-cloud/image/upload/v1762984637/IMG_0203_ekodw2.jpg,IMG_0203_ekodw2.jpg,exact_filename,IMG_0203_ekodw2.jpg,/media/obi/Seagate/Cloudinary_Bulk_Download_March_4_2026/IMG_0203_ekodw2.jpg,image,image-b7984b21e4eca856f7f7563aa2af6a89be4b5402-5184x3456-jpg,https://cdn.sanity.io/images/wf5e366r/production/b7984b21e4eca856f7f7563aa2af6a89be4b5402-5184x3456.jpg,uploaded,,1,src/pages/hb-home.js:39
https://res.cloudinary.com/medoptics-image-cloud/image/upload/v1762984754/IMG_0227_mrfdsc.jpg,IMG_0227_mrfdsc.jpg,exact_filename,IMG_0227_mrfdsc.jpg,/media/obi/Seagate/Cloudinary_Bulk_Download_March_4_2026/IMG_0227_mrfdsc.jpg,image,image-1d022d7ffe1a49451ded511330df3d8d69c5c21e-5184x3456-jpg,https://cdn.sanity.io/images/wf5e366r/production/1d022d7ffe1a49451ded511330df3d8d69c5c21e-5184x3456.jpg,uploaded,,1,src/pages/hb-home.js:40
https://res.cloudinary.com/medoptics-image-cloud/image/upload/v1762985462/HB_tasting_letaru_f0sh9o.png,HB_tasting_letaru_f0sh9o.png,exact_filename,HB_tasting_letaru_f0sh9o.png,/media/obi/Seagate/Cloudinary_Bulk_Download_March_4_2026/HB_tasting_letaru_f0sh9o.png,image,image-bd61c8b1a8ed936847ac22805b9201884f74c35d-905x1200-png,https://cdn.sanity.io/images/wf5e366r/production/bd61c8b1a8ed936847ac22805b9201884f74c35d-905x1200.png,uploaded,,1,src/pages/hb-home.js:890
https://res.cloudinary.com/medoptics-image-cloud/image/upload/v1762986376/Tierra-Full-Logo-Green_gxnaj6.webp,Tierra-Full-Logo-Green_gxnaj6.webp,exact_filename,Tierra-Full-Logo-Green_gxnaj6.webp,/media/obi/Seagate/Cloudinary_Bulk_Download_March_4_2026/Tierra-Full-Logo-Green_gxnaj6.webp,image,image-c63cb736e2b83848d2ec2dec5bbb721e8f035217-2290x1969-webp,https://cdn.sanity.io/images/wf5e366r/production/c63cb736e2b83848d2ec2dec5bbb721e8f035217-2290x1969.webp,uploaded,,1,src/pages/hb-home.js:32
https://res.cloudinary.com/medoptics-image-cloud/image/upload/v1762987942/Lab-Test-Results-ML-2025-06446_ovreug.pdf,Lab-Test-Results-ML-2025-06446_ovreug.pdf,exact_filename,Lab-Test-Results-ML-2025-06446_ovreug.pdf,/media/obi/Seagate/Cloudinary_Bulk_Download_March_4_2026/Lab-Test-Results-ML-2025-06446_ovreug.pdf,file,file-4caa04aabdd97d93eae66ca925a50c3c1916a700-pdf,https://cdn.sanity.io/files/wf5e366r/production/4caa04aabdd97d93eae66ca925a50c3c1916a700.pdf,uploaded,,2,src/pages/lab-tests.js:22 | src/pages/lab-tests.js:23
https://res.cloudinary.com/medoptics-image-cloud/image/upload/v1762987943/Lab-Test-FA-2025-10664_copy_of2v1k.pdf,Lab-Test-FA-2025-10664_copy_of2v1k.pdf,exact_filename,Lab-Test-FA-2025-10664_copy_of2v1k.pdf,/media/obi/Seagate/Cloudinary_Bulk_Download_March_4_2026/Lab-Test-FA-2025-10664_copy_of2v1k.pdf,file,file-0beee6c148ffc7f7843e84ddbc820d1c7436c3e2-pdf,https://cdn.sanity.io/files/wf5e366r/production/0beee6c148ffc7f7843e84ddbc820d1c7436c3e2.pdf,uploaded,,2,src/pages/lab-tests.js:11 | src/pages/lab-tests.js:12
